id,username,action,ts
172,admin,RUN:cuckoo,2026-04-17 23:52:43
171,admin,RUN:vuln,2026-04-17 23:52:41
170,admin,RUN:backdoor,2026-04-17 23:52:39
169,admin,RUN:ai,2026-04-17 23:52:37
168,admin,RUN:malware,2026-04-17 23:52:35
167,admin,LOGIN,2026-04-17 23:52:34
166,admin,RUN:cuckoo,2026-04-16 21:58:42
165,admin,RUN:vuln,2026-04-16 21:58:40
164,admin,RUN:backdoor,2026-04-16 21:58:38
163,admin,RUN:ai,2026-04-16 21:58:36
162,admin,RUN:malware,2026-04-16 21:58:34
161,admin,LOGIN,2026-04-16 21:58:33
160,admin,RUN:cuckoo,2026-04-16 20:54:10
159,admin,RUN:vuln,2026-04-16 20:54:08
158,admin,RUN:backdoor,2026-04-16 20:54:06
157,admin,RUN:ai,2026-04-16 20:54:04
156,admin,RUN:malware,2026-04-16 20:54:02
155,admin,LOGIN,2026-04-16 20:54:00
154,admin,RUN:cuckoo,2026-04-15 21:37:18
153,admin,RUN:vuln,2026-04-15 21:37:16
152,admin,RUN:backdoor,2026-04-15 21:37:14
151,admin,RUN:ai,2026-04-15 21:37:12
150,admin,RUN:malware,2026-04-15 21:37:10
149,admin,LOGIN,2026-04-15 21:37:09
148,admin,RUN:cuckoo,2026-04-15 21:25:38
147,admin,RUN:vuln,2026-04-15 21:25:36
146,admin,RUN:backdoor,2026-04-15 21:25:34
145,admin,RUN:ai,2026-04-15 21:25:32
144,admin,RUN:malware,2026-04-15 21:25:30
143,admin,LOGIN,2026-04-15 21:25:28
142,admin,RUN:url,2026-04-15 07:31:17
141,admin,RUN:cuckoo,2026-04-15 07:28:53
140,admin,RUN:vuln,2026-04-15 07:28:51
139,admin,RUN:backdoor,2026-04-15 07:28:49
138,admin,RUN:ai,2026-04-15 07:28:47
137,admin,RUN:malware,2026-04-15 07:28:45
136,admin,LOGIN,2026-04-15 07:28:44
135,admin,RUN:cuckoo,2026-04-15 01:54:55
134,admin,RUN:vuln,2026-04-15 01:54:53
133,admin,RUN:backdoor,2026-04-15 01:54:51
132,admin,RUN:ai,2026-04-15 01:54:49
131,admin,RUN:malware,2026-04-15 01:54:47
130,admin,LOGIN,2026-04-15 01:54:46
129,admin,RUN:cuckoo,2026-04-14 12:19:29
128,admin,RUN:vuln,2026-04-14 12:19:27
127,admin,RUN:backdoor,2026-04-14 12:19:25
126,admin,RUN:ai,2026-04-14 12:19:23
125,admin,RUN:malware,2026-04-14 12:19:21
124,admin,LOGIN,2026-04-14 12:19:20
123,admin,RUN:cuckoo,2026-04-14 05:29:54
122,admin,RUN:vuln,2026-04-14 05:29:52
121,admin,RUN:backdoor,2026-04-14 05:29:50
120,admin,RUN:ai,2026-04-14 05:29:48
119,admin,RUN:malware,2026-04-14 05:29:46
118,admin,LOGIN,2026-04-14 05:29:45
117,admin,RUN:cuckoo,2026-04-14 03:39:21
116,admin,RUN:vuln,2026-04-14 03:39:19
115,admin,RUN:backdoor,2026-04-14 03:39:17
114,admin,RUN:ai,2026-04-14 03:39:15
113,admin,RUN:malware,2026-04-14 03:39:13
112,admin,LOGIN,2026-04-14 03:39:12
111,admin,RUN:cuckoo,2026-04-14 03:33:30
110,admin,RUN:vuln,2026-04-14 03:33:28
109,admin,RUN:backdoor,2026-04-14 03:33:25
108,admin,RUN:ai,2026-04-14 03:33:23
106,admin,LOGIN,2026-04-14 03:33:21
107,admin,RUN:malware,2026-04-14 03:33:21
105,admin,RUN:cuckoo,2026-04-12 09:58:39
104,admin,RUN:vuln,2026-04-12 09:58:37
103,admin,RUN:backdoor,2026-04-12 09:58:35
102,admin,RUN:ai,2026-04-12 09:58:33
100,admin,LOGIN,2026-04-12 09:58:31
101,admin,RUN:malware,2026-04-12 09:58:31
99,admin,RUN:cuckoo,2026-04-12 09:54:28
98,admin,RUN:vuln,2026-04-12 09:54:26
97,admin,RUN:backdoor,2026-04-12 09:54:24
96,admin,RUN:ai,2026-04-12 09:54:22
95,admin,RUN:malware,2026-04-12 09:54:20
94,admin,LOGIN,2026-04-12 09:54:19
93,admin,RUN:cuckoo,2026-04-12 09:48:44
92,admin,RUN:vuln,2026-04-12 09:48:42
91,admin,RUN:backdoor,2026-04-12 09:48:40
90,admin,RUN:ai,2026-04-12 09:48:38
89,admin,RUN:malware,2026-04-12 09:48:36
88,admin,LOGIN,2026-04-12 09:48:35
87,admin,RUN:cuckoo,2026-04-12 09:43:02
86,admin,RUN:vuln,2026-04-12 09:43:00
85,admin,RUN:backdoor,2026-04-12 09:42:58
84,admin,RUN:ai,2026-04-12 09:42:56
82,admin,LOGIN,2026-04-12 09:42:54
83,admin,RUN:malware,2026-04-12 09:42:54
81,admin,RUN:cuckoo,2026-04-11 11:20:15
80,admin,RUN:vuln,2026-04-11 11:20:13
79,admin,RUN:backdoor,2026-04-11 11:20:10
78,admin,RUN:ai,2026-04-11 11:20:08
76,admin,LOGIN,2026-04-11 11:20:06
77,admin,RUN:malware,2026-04-11 11:20:06
75,admin,RUN:cuckoo,2026-04-11 11:13:07
74,admin,RUN:vuln,2026-04-11 11:13:05
73,admin,RUN:backdoor,2026-04-11 11:13:03
